path,genre_gt,clip_type,duration_s,ok
/scratch/mk9649/repos/essentia_genre_test/data/audio/house/loop/0000__Drum_Loops__SM_SC_128_Transition_NoKick.wav,house,loop,,1
/scratch/mk9649/repos/essentia_genre_test/data/audio/house/loop/0001__Bass_Loops__SM_SC_129_Am_Knarz_Bass.wav,house,loop,,1
/scratch/mk9649/repos/essentia_genre_test/data/audio/house/loop/0002__Bass_Loops__SM_SC_126_Gm_Saved_Bass.wav,house,loop,,1
/scratch/mk9649/repos/essentia_genre_test/data/audio/house/loop/0003__Drum_Loops__SM_SC_128_Push_Percussion.wav,house,loop,,1
/scratch/mk9649/repos/essentia_genre_test/data/audio/house/loop/0004__Drum_Loops__SM_SC_126_Fantasy_Full.wav,house,loop,,1
/scratch/mk9649/repos/essentia_genre_test/data/audio/house/loop/0005__Drum_Loops__SM_SC_129_Jode_Clap.wav,house,loop,,1
/scratch/mk9649/repos/essentia_genre_test/data/audio/house/loop/0006__Drum_Loops__SM_SC_128_Transition_Clap.wav,house,loop,,1
/scratch/mk9649/repos/essentia_genre_test/data/audio/house/loop/0007__Drum_Loops__SM_SC_125_Follow_Snare.wav,house,loop,,1
/scratch/mk9649/repos/essentia_genre_test/data/audio/house/loop/0008__Drum_Loops__SM_SC_128_Huff_Percussion.wav,house,loop,,1
/scratch/mk9649/repos/essentia_genre_test/data/audio/house/loop/0009__Bass_Loops__SM_SC_128_Gm_Frontline_Bass.wav,house,loop,,1
/scratch/mk9649/repos/essentia_genre_test/data/audio/house/loop/0010__Drum_Loops__SM_SC_127_Arturo_Percussion.wav,house,loop,,1
/scratch/mk9649/repos/essentia_genre_test/data/audio/house/loop/0011__Synth_Music_Loops__SM_SC_129_Am_Starp_Synth.wav,house,loop,,1
/scratch/mk9649/repos/essentia_genre_test/data/audio/house/loop/0012__Synth_Music_Loops__SM_SC_128_F#_Plucker_Synth.wav,house,loop,,1
/scratch/mk9649/repos/essentia_genre_test/data/audio/house/loop/0013__Drum_Loops__SM_SC_128_Idol_Kick.wav,house,loop,,1
/scratch/mk9649/repos/essentia_genre_test/data/audio/house/loop/0014__Bass_Loops__SM_SC_128_F#_Squarepants_Bass.wav,house,loop,,1
/scratch/mk9649/repos/essentia_genre_test/data/audio/house/loop/0015__Drum_Loops__SM_SC_127_Arturo_NoKick.wav,house,loop,,1
/scratch/mk9649/repos/essentia_genre_test/data/audio/house/loop/0016__Drum_Loops__SM_SC_127_Welan_Hats.wav,house,loop,,1
/scratch/mk9649/repos/essentia_genre_test/data/audio/house/loop/0017__Bass_Loops__SM_SC_127_Am_Katapult_Bass.wav,house,loop,,1
/scratch/mk9649/repos/essentia_genre_test/data/audio/house/loop/0018__Bass_Loops__SM_SC_127_Am_Forever_Bass.wav,house,loop,,1
/scratch/mk9649/repos/essentia_genre_test/data/audio/house/loop/0019__Bass_Loops__SM_SC_128_Fm_Youkei_Bass.wav,house,loop,,1
/scratch/mk9649/repos/essentia_genre_test/data/audio/house/loop/0020__Drum_Loops__SM_SC_128_Sharp_Clap.wav,house,loop,,1
/scratch/mk9649/repos/essentia_genre_test/data/audio/house/loop/0021__Drum_Loops__SM_SC_128_Wayback_Clap.wav,house,loop,,1
/scratch/mk9649/repos/essentia_genre_test/data/audio/house/loop/0022__Drum_Loops__SM_SC_125_Distord909_Kick.wav,house,loop,,1
/scratch/mk9649/repos/essentia_genre_test/data/audio/house/loop/0023__Drum_Loops__SM_SC_127_Snappy_NoKick.wav,house,loop,,1
/scratch/mk9649/repos/essentia_genre_test/data/audio/house/loop/0024__Synth_Music_Loops__SM_SC_129_Am_Step_Synth.wav,house,loop,,1
/scratch/mk9649/repos/essentia_genre_test/data/audio/house/loop/0025__Drum_Loops__SM_SC_129_Battery_Kick.wav,house,loop,,1
/scratch/mk9649/repos/essentia_genre_test/data/audio/house/loop/0026__Drum_Loops__SM_SC_128_Huff_Clap.wav,house,loop,,1
/scratch/mk9649/repos/essentia_genre_test/data/audio/house/loop/0027__Drum_Loops__SM_SC_128_Atom_Percussion.wav,house,loop,,1
/scratch/mk9649/repos/essentia_genre_test/data/audio/house/loop/0028__Drum_Loops__SM_SC_129_Jode_NoKick.wav,house,loop,,1
/scratch/mk9649/repos/essentia_genre_test/data/audio/house/loop/0029__Drum_Loops__SM_SC_127_Temple_Percussion.wav,house,loop,,1
/scratch/mk9649/repos/essentia_genre_test/data/audio/house/loop/0030__Synth_Music_Loops__SM_SC_128_Gm_Benji_Synth.wav,house,loop,,1
/scratch/mk9649/repos/essentia_genre_test/data/audio/house/loop/0031__Drum_Loops__SM_SC_127_Washy_Hats.wav,house,loop,,1
/scratch/mk9649/repos/essentia_genre_test/data/audio/house/loop/0032__Drum_Loops__SM_SC_128_Sharp_Snare.wav,house,loop,,1
/scratch/mk9649/repos/essentia_genre_test/data/audio/house/loop/0033__Drum_Loops__SM_SC_128_HeadHigh_Hats.wav,house,loop,,1
/scratch/mk9649/repos/essentia_genre_test/data/audio/house/loop/0034__Drum_Loops__SM_SC_126_Loopster_NoKick.wav,house,loop,,1
/scratch/mk9649/repos/essentia_genre_test/data/audio/house/loop/0035__Drum_Loops__SM_SC_126_Loopster_Full.wav,house,loop,,1
/scratch/mk9649/repos/essentia_genre_test/data/audio/house/loop/0036__Synth_Music_Loops__SM_SC_127_Cm_Ipanema_Synth.wav,house,loop,,1
/scratch/mk9649/repos/essentia_genre_test/data/audio/house/loop/0037__Bass_Loops__SM_SC_125_Am_Tosh_Bass.wav,house,loop,,1
/scratch/mk9649/repos/essentia_genre_test/data/audio/house/loop/0038__Drum_Loops__SM_SC_128_Slick_Percussion.wav,house,loop,,1
/scratch/mk9649/repos/essentia_genre_test/data/audio/house/loop/0039__Synth_Music_Loops__SM_SC_127_Cm_Fresh_Synth.wav,house,loop,,1
/scratch/mk9649/repos/essentia_genre_test/data/audio/house/loop/0040__Drum_Loops__SM_SC_127_Arturo_Clap.wav,house,loop,,1
/scratch/mk9649/repos/essentia_genre_test/data/audio/house/loop/0041__Drum_Loops__SM_SC_127_Snimrare_Percussion.wav,house,loop,,1
/scratch/mk9649/repos/essentia_genre_test/data/audio/house/loop/0042__Synth_Music_Loops__SM_SC_128_F#_Randomer_Synth.wav,house,loop,,1
/scratch/mk9649/repos/essentia_genre_test/data/audio/house/loop/0043__Drum_Loops__SM_SC_129_Jode_Full.wav,house,loop,,1
/scratch/mk9649/repos/essentia_genre_test/data/audio/house/loop/0044__Synth_Music_Loops__SM_SC_127_Em_Cella_Synth.wav,house,loop,,1
/scratch/mk9649/repos/essentia_genre_test/data/audio/house/loop/0045__Drum_Loops__SM_SC_126_Loopster_Clap.wav,house,loop,,1
/scratch/mk9649/repos/essentia_genre_test/data/audio/house/loop/0046__Synth_Music_Loops__SM_SC_128_F#_Hefto_Synth.wav,house,loop,,1
/scratch/mk9649/repos/essentia_genre_test/data/audio/house/loop/0047__Drum_Loops__SM_SC_128_Steph_Percussion.wav,house,loop,,1
/scratch/mk9649/repos/essentia_genre_test/data/audio/house/loop/0048__Drum_Loops__SM_SC_128_Weirdo_Full.wav,house,loop,,1
/scratch/mk9649/repos/essentia_genre_test/data/audio/house/loop/0049__Synth_Music_Loops__SM_SC_128_Gm_Hecta_Synth.wav,house,loop,,1
/scratch/mk9649/repos/essentia_genre_test/data/audio/house/oneshot/0050__Single_Hits__SM_SC_Clap_01.wav,house,oneshot,,1
/scratch/mk9649/repos/essentia_genre_test/data/audio/house/oneshot/0051__Single_Hits__SM_SC_Hat_23.wav,house,oneshot,,1
/scratch/mk9649/repos/essentia_genre_test/data/audio/house/oneshot/0052__Single_Hits__SM_SC_Clap_02.wav,house,oneshot,,1
/scratch/mk9649/repos/essentia_genre_test/data/audio/house/oneshot/0053__Single_Hits__SM_SC_Hat_20.wav,house,oneshot,,1
/scratch/mk9649/repos/essentia_genre_test/data/audio/house/oneshot/0054__Single_Hits__SM_SC_Hat_19.wav,house,oneshot,,1
/scratch/mk9649/repos/essentia_genre_test/data/audio/house/oneshot/0055__Single_Hits__SM_SC_Perc_12.wav,house,oneshot,,1
/scratch/mk9649/repos/essentia_genre_test/data/audio/house/oneshot/0056__Single_Hits__SM_SC_Hat_08.wav,house,oneshot,,1
/scratch/mk9649/repos/essentia_genre_test/data/audio/house/oneshot/0057__Single_Hits__SM_SC_Bass_06_C.wav,house,oneshot,,1
/scratch/mk9649/repos/essentia_genre_test/data/audio/house/oneshot/0058__Single_Hits__SM_SC_Kick_10.wav,house,oneshot,,1
/scratch/mk9649/repos/essentia_genre_test/data/audio/house/oneshot/0059__Single_Hits__SM_SC_Perc_03.wav,house,oneshot,,1
/scratch/mk9649/repos/essentia_genre_test/data/audio/house/oneshot/0060__Single_Hits__SM_SC_Clap_05.wav,house,oneshot,,1
/scratch/mk9649/repos/essentia_genre_test/data/audio/house/oneshot/0061__Single_Hits__SM_SC_Synth_10_A#.wav,house,oneshot,,1
/scratch/mk9649/repos/essentia_genre_test/data/audio/house/oneshot/0062__Single_Hits__SM_SC_Bass_11_C.wav,house,oneshot,,1
/scratch/mk9649/repos/essentia_genre_test/data/audio/house/oneshot/0063__Single_Hits__SM_SC_Perc_05.wav,house,oneshot,,1
/scratch/mk9649/repos/essentia_genre_test/data/audio/house/oneshot/0064__Single_Hits__SM_SC_Hat_12.wav,house,oneshot,,1
/scratch/mk9649/repos/essentia_genre_test/data/audio/house/oneshot/0065__Single_Hits__SM_SC_Perc_15.wav,house,oneshot,,1
/scratch/mk9649/repos/essentia_genre_test/data/audio/house/oneshot/0066__Single_Hits__SM_SC_Perc_14.wav,house,oneshot,,1
/scratch/mk9649/repos/essentia_genre_test/data/audio/house/oneshot/0067__Single_Hits__SM_SC_Hat_21.wav,house,oneshot,,1
/scratch/mk9649/repos/essentia_genre_test/data/audio/house/oneshot/0068__Single_Hits__SM_SC_Perc_08.wav,house,oneshot,,1
/scratch/mk9649/repos/essentia_genre_test/data/audio/house/oneshot/0069__Single_Hits__SM_SC_Clap_14.wav,house,oneshot,,1
/scratch/mk9649/repos/essentia_genre_test/data/audio/house/oneshot/0070__Single_Hits__SM_SC_Bass_09_C.wav,house,oneshot,,1
/scratch/mk9649/repos/essentia_genre_test/data/audio/house/oneshot/0071__Single_Hits__SM_SC_Synth_04_Fm.wav,house,oneshot,,1
/scratch/mk9649/repos/essentia_genre_test/data/audio/house/oneshot/0072__Single_Hits__SM_SC_Hat_04.wav,house,oneshot,,1
/scratch/mk9649/repos/essentia_genre_test/data/audio/house/oneshot/0073__Single_Hits__SM_SC_Snare_06.wav,house,oneshot,,1
/scratch/mk9649/repos/essentia_genre_test/data/audio/house/oneshot/0074__Single_Hits__SM_SC_Snare_08.wav,house,oneshot,,1
/scratch/mk9649/repos/essentia_genre_test/data/audio/house/oneshot/0075__Single_Hits__SM_SC_Perc_13.wav,house,oneshot,,1
/scratch/mk9649/repos/essentia_genre_test/data/audio/house/oneshot/0076__Single_Hits__SM_SC_Synth_09_Gm.wav,house,oneshot,,1
/scratch/mk9649/repos/essentia_genre_test/data/audio/house/oneshot/0077__Single_Hits__SM_SC_Snare_09.wav,house,oneshot,,1
/scratch/mk9649/repos/essentia_genre_test/data/audio/house/oneshot/0078__Single_Hits__SM_SC_Hat_10.wav,house,oneshot,,1
/scratch/mk9649/repos/essentia_genre_test/data/audio/house/oneshot/0079__Single_Hits__SM_SC_Synth_03_D#.wav,house,oneshot,,1
/scratch/mk9649/repos/essentia_genre_test/data/audio/house/oneshot/0080__Single_Hits__SM_SC_Snare_03.wav,house,oneshot,,1
/scratch/mk9649/repos/essentia_genre_test/data/audio/house/oneshot/0081__Single_Hits__SM_SC_Clap_10.wav,house,oneshot,,1
/scratch/mk9649/repos/essentia_genre_test/data/audio/house/oneshot/0082__Single_Hits__SM_SC_Hat_22.wav,house,oneshot,,1
/scratch/mk9649/repos/essentia_genre_test/data/audio/house/oneshot/0083__Single_Hits__SM_SC_Synth_08_Cm.wav,house,oneshot,,1
/scratch/mk9649/repos/essentia_genre_test/data/audio/house/oneshot/0084__Single_Hits__SM_SC_Hat_01.wav,house,oneshot,,1
/scratch/mk9649/repos/essentia_genre_test/data/audio/house/oneshot/0085__Single_Hits__SM_SC_Hat_09.wav,house,oneshot,,1
/scratch/mk9649/repos/essentia_genre_test/data/audio/house/oneshot/0086__Single_Hits__SM_SC_Bass_10_C.wav,house,oneshot,,1
/scratch/mk9649/repos/essentia_genre_test/data/audio/house/oneshot/0087__Single_Hits__SM_SC_Clap_11.wav,house,oneshot,,1
/scratch/mk9649/repos/essentia_genre_test/data/audio/house/oneshot/0088__Single_Hits__SM_SC_Kick_16.wav,house,oneshot,,1
/scratch/mk9649/repos/essentia_genre_test/data/audio/house/oneshot/0089__Single_Hits__SM_SC_Snare_07.wav,house,oneshot,,1
/scratch/mk9649/repos/essentia_genre_test/data/audio/house/oneshot/0090__Single_Hits__SM_SC_Synth_01_Cm.wav,house,oneshot,,1
/scratch/mk9649/repos/essentia_genre_test/data/audio/house/oneshot/0091__Single_Hits__SM_SC_Perc_11.wav,house,oneshot,,1
/scratch/mk9649/repos/essentia_genre_test/data/audio/house/oneshot/0092__Single_Hits__SM_SC_Perc_10.wav,house,oneshot,,1
/scratch/mk9649/repos/essentia_genre_test/data/audio/house/oneshot/0093__Single_Hits__SM_SC_Snare_01.wav,house,oneshot,,1
/scratch/mk9649/repos/essentia_genre_test/data/audio/house/oneshot/0094__Single_Hits__SM_SC_Clap_07.wav,house,oneshot,,1
/scratch/mk9649/repos/essentia_genre_test/data/audio/house/oneshot/0095__Single_Hits__SM_SC_Hat_15.wav,house,oneshot,,1
/scratch/mk9649/repos/essentia_genre_test/data/audio/house/oneshot/0096__Single_Hits__SM_SC_Synth_07_Cm.wav,house,oneshot,,1
/scratch/mk9649/repos/essentia_genre_test/data/audio/house/oneshot/0097__Single_Hits__SM_SC_Perc_07.wav,house,oneshot,,1
/scratch/mk9649/repos/essentia_genre_test/data/audio/house/oneshot/0098__Single_Hits__SM_SC_Clap_04.wav,house,oneshot,,1
/scratch/mk9649/repos/essentia_genre_test/data/audio/house/oneshot/0099__Single_Hits__SM_SC_Hat_18.wav,house,oneshot,,1
/scratch/mk9649/repos/essentia_genre_test/data/audio/techno/loop/0100__Drum_Loops__TWHS_HGE1_PERC_LOOP_07_145BPM.wav,techno,loop,,1
/scratch/mk9649/repos/essentia_genre_test/data/audio/techno/loop/0101__Bass_Loops_Rumbles__TWHS_HGE1_RUMBLE_LOOP_09_145BPM.wav,techno,loop,,1
/scratch/mk9649/repos/essentia_genre_test/data/audio/techno/loop/0102__Drum_Loops__TWHS_HGE1_KICK_&_BASS_LOOP_18_143BPM_F#m.wav,techno,loop,,1
/scratch/mk9649/repos/essentia_genre_test/data/audio/techno/loop/0103__Bass_Loops_Normal__TWHS_HGE1_BASS_LOOP_17_144BPM_Fm.wav,techno,loop,,1
/scratch/mk9649/repos/essentia_genre_test/data/audio/techno/loop/0104__Drum_Loops__TWHS_HGE1_PERC_LOOP_02_144BPM.wav,techno,loop,,1
/scratch/mk9649/repos/essentia_genre_test/data/audio/techno/loop/0105__Drum_Loops__TWHS_HGE1_TOP_LOOP_01_145BPM.wav,techno,loop,,1
/scratch/mk9649/repos/essentia_genre_test/data/audio/techno/loop/0106__Drum_Loops__TWHS_HGE1_KICK_LOOP_08_144BPM.wav,techno,loop,,1
/scratch/mk9649/repos/essentia_genre_test/data/audio/techno/loop/0107__Drum_Loops__TWHS_HGE1_BONGO_LOOP_04_144BPM.wav,techno,loop,,1
/scratch/mk9649/repos/essentia_genre_test/data/audio/techno/loop/0108__Drum_Loops__TWHS_HGE1_KICK_&_BASS_LOOP_09_144BPM_Em.wav,techno,loop,,1
/scratch/mk9649/repos/essentia_genre_test/data/audio/techno/loop/0109__Melodic_Loops__TWHS_HGE1_RAVESTABLOOP_11_143BPM_Em.wav,techno,loop,,1
/scratch/mk9649/repos/essentia_genre_test/data/audio/techno/loop/0110__Fills__TWHS_HGE1_FILL_5_145BPM.wav,techno,loop,,1
/scratch/mk9649/repos/essentia_genre_test/data/audio/techno/loop/0111__Drum_Loops__TWHS_HGE1_FULL_LOOP_7_144BPM.wav,techno,loop,,1
/scratch/mk9649/repos/essentia_genre_test/data/audio/techno/loop/0112__Melodic_Loops__TWHS_HGE1_SYNTHLOOP_25_145BPM_Fm.wav,techno,loop,,1
/scratch/mk9649/repos/essentia_genre_test/data/audio/techno/loop/0113__Fills__TWHS_HGE1_FILL_14_145BPM.wav,techno,loop,,1
/scratch/mk9649/repos/essentia_genre_test/data/audio/techno/loop/0114__Drum_Loops__TWHS_HGE1_CLAP_LOOP_14_145BPM.wav,techno,loop,,1
/scratch/mk9649/repos/essentia_genre_test/data/audio/techno/loop/0115__Drum_Loops__TWHS_HGE1_KICK_LOOP_06_143BPM.wav,techno,loop,,1
/scratch/mk9649/repos/essentia_genre_test/data/audio/techno/loop/0116__Drum_Loops__TWHS_HGE1_CLAP_LOOP_12_142BPM.wav,techno,loop,,1
/scratch/mk9649/repos/essentia_genre_test/data/audio/techno/loop/0117__Drum_Loops__TWHS_HGE1_KICK_&_RUMBLE_LOOP_07_143BPM.wav,techno,loop,,1
/scratch/mk9649/repos/essentia_genre_test/data/audio/techno/loop/0118__Melodic_Loops__TWHS_HGE1_RAVESTABLOOP_08_144BPM_Gm.wav,techno,loop,,1
/scratch/mk9649/repos/essentia_genre_test/data/audio/techno/loop/0119__Melodic_Loops__TWHS_HGE1_INSPIRATION_5_FINEWINE_F_145_145.wav,techno,loop,,1
/scratch/mk9649/repos/essentia_genre_test/data/audio/techno/loop/0120__Drum_Loops__TWHS_HGE1_KICK_LOOP_05_144BPM.wav,techno,loop,,1
/scratch/mk9649/repos/essentia_genre_test/data/audio/techno/loop/0121__Melodic_Loops__TWHS_HGE1_RAVESTABLOOP_20_145BPM_Am.wav,techno,loop,,1
/scratch/mk9649/repos/essentia_genre_test/data/audio/techno/loop/0122__Drum_Loops__TWHS_HGE1_TOP_LOOP_15_145BPM.wav,techno,loop,,1
/scratch/mk9649/repos/essentia_genre_test/data/audio/techno/loop/0123__Melodic_Loops__TWHS_HGE1_RAVESTABLOOP_19_145BPM_Cm.wav,techno,loop,,1
/scratch/mk9649/repos/essentia_genre_test/data/audio/techno/loop/0124__Drum_Loops__TWHS_HGE1_FULL_LOOP_9_144BPM.wav,techno,loop,,1
/scratch/mk9649/repos/essentia_genre_test/data/audio/techno/loop/0125__Drum_Loops__TWHS_HGE1_FULL_LOOP_15_145BPM.wav,techno,loop,,1
/scratch/mk9649/repos/essentia_genre_test/data/audio/techno/loop/0126__Drum_Loops__TWHS_HGE1_KICK_&_BASS_LOOP_13_145BPM_D#m.wav,techno,loop,,1
/scratch/mk9649/repos/essentia_genre_test/data/audio/techno/loop/0127__Drum_Loops__TWHS_HGE1_CLAP_LOOP_11_140BPM.wav,techno,loop,,1
/scratch/mk9649/repos/essentia_genre_test/data/audio/techno/loop/0128__Melodic_Loops__TWHS_HGE1_GRANULARLOOP_01_142BPM.wav,techno,loop,,1
/scratch/mk9649/repos/essentia_genre_test/data/audio/techno/loop/0129__Fills__TWHS_HGE1_FILL_30_145BPM.wav,techno,loop,,1
/scratch/mk9649/repos/essentia_genre_test/data/audio/techno/loop/0130__Drum_Loops__TWHS_HGE1_BONGO_LOOP_17_144BPM.wav,techno,loop,,1
/scratch/mk9649/repos/essentia_genre_test/data/audio/techno/loop/0131__Bass_Loops_Rumbles__TWHS_HGE1_RUMBLE_LOOP_05_143BPM.wav,techno,loop,,1
/scratch/mk9649/repos/essentia_genre_test/data/audio/techno/loop/0132__Drum_Loops__TWHS_HGE1_BONGO_LOOP_27_144BPM.wav,techno,loop,,1
/scratch/mk9649/repos/essentia_genre_test/data/audio/techno/loop/0133__Drum_Loops__TWHS_HGE1_CLAP_LOOP_19_140BPM.wav,techno,loop,,1
/scratch/mk9649/repos/essentia_genre_test/data/audio/techno/loop/0134__Melodic_Loops__TWHS_HGE1_SYNTHLOOP_17_142BPM_Dm.wav,techno,loop,,1
/scratch/mk9649/repos/essentia_genre_test/data/audio/techno/loop/0135__Drum_Loops__TWHS_HGE1_CH_LOOP_02_142BPM.wav,techno,loop,,1
/scratch/mk9649/repos/essentia_genre_test/data/audio/techno/loop/0136__Drum_Loops__TWHS_HGE1_TOP_LOOP_12_145BPM.wav,techno,loop,,1
/scratch/mk9649/repos/essentia_genre_test/data/audio/techno/loop/0137__Melodic_Loops__TWHS_HGE1_SYNTHLOOP_01_144BPM_Em.wav,techno,loop,,1
/scratch/mk9649/repos/essentia_genre_test/data/audio/techno/loop/0138__Drum_Loops__TWHS_HGE1_BONGO_LOOP_03_144BPM.wav,techno,loop,,1
/scratch/mk9649/repos/essentia_genre_test/data/audio/techno/loop/0139__Drum_Loops__TWHS_HGE1_FULL_LOOP_2_145BPM.wav,techno,loop,,1
/scratch/mk9649/repos/essentia_genre_test/data/audio/techno/loop/0140__Drum_Loops__TWHS_HGE1_FULL_LOOP_24_145BPM.wav,techno,loop,,1
/scratch/mk9649/repos/essentia_genre_test/data/audio/techno/loop/0141__Fills__TWHS_HGE1_FILL_19_145BPM.wav,techno,loop,,1
/scratch/mk9649/repos/essentia_genre_test/data/audio/techno/loop/0142__Melodic_Loops__TWHS_HGE1_INSPIRATION_10_SPRING_F_145_145.wav,techno,loop,,1
/scratch/mk9649/repos/essentia_genre_test/data/audio/techno/loop/0143__Drum_Loops__TWHS_HGE1_KICK_&_RUMBLE_LOOP_09_145BPM.wav,techno,loop,,1
/scratch/mk9649/repos/essentia_genre_test/data/audio/techno/loop/0144__Melodic_Loops__TWHS_HGE1_RAVESTABLOOP_04_144BPM_Gm.wav,techno,loop,,1
/scratch/mk9649/repos/essentia_genre_test/data/audio/techno/loop/0145__Bass_Loops_Normal__TWHS_HGE1_BASS_LOOP_06_144BPM_Gm.wav,techno,loop,,1
/scratch/mk9649/repos/essentia_genre_test/data/audio/techno/loop/0146__Drum_Loops__TWHS_HGE1_BONGO_LOOP_29_144BPM.wav,techno,loop,,1
/scratch/mk9649/repos/essentia_genre_test/data/audio/techno/loop/0147__Melodic_Loops__TWHS_HGE1_INSPIRATION_4_FIRESTORM_D_145_145.wav,techno,loop,,1
/scratch/mk9649/repos/essentia_genre_test/data/audio/techno/loop/0148__Drum_Loops__TWHS_HGE1_KICK_LOOP_07_145BPM.wav,techno,loop,,1
/scratch/mk9649/repos/essentia_genre_test/data/audio/techno/loop/0149__Melodic_Loops__TWHS_HGE1_SYNTHLOOP_24_142BPM_Em.wav,techno,loop,,1
/scratch/mk9649/repos/essentia_genre_test/data/audio/techno/oneshot/0150__Drum_Oneshots__TWHS_HGE1_OPEN_HAT_08.wav,techno,oneshot,,1
/scratch/mk9649/repos/essentia_genre_test/data/audio/techno/oneshot/0151__Drum_Oneshots__TWHS_HGE1_CLOSED_HAT_09.wav,techno,oneshot,,1
/scratch/mk9649/repos/essentia_genre_test/data/audio/techno/oneshot/0152__Drum_Oneshots__TWHS_HGE1_REV_CRASH_16_145BPM.wav,techno,oneshot,,1
/scratch/mk9649/repos/essentia_genre_test/data/audio/techno/oneshot/0153__Drum_Oneshots__TWHS_HGE1_KICK_02.wav,techno,oneshot,,1
/scratch/mk9649/repos/essentia_genre_test/data/audio/techno/oneshot/0154__Drum_Oneshots__TWHS_HGE1_CRASH_01_145BPM.wav,techno,oneshot,,1
/scratch/mk9649/repos/essentia_genre_test/data/audio/techno/oneshot/0155__Drum_Oneshots__TWHS_HGE1_KICK_07.wav,techno,oneshot,,1
/scratch/mk9649/repos/essentia_genre_test/data/audio/techno/oneshot/0156__Drum_Oneshots__TWHS_HGE1_CLAP_01.wav,techno,oneshot,,1
/scratch/mk9649/repos/essentia_genre_test/data/audio/techno/oneshot/0157__Melodic_Oneshots__TWHS_HGE1_RAVESTAB_14_A.wav,techno,oneshot,,1
/scratch/mk9649/repos/essentia_genre_test/data/audio/techno/oneshot/0158__Melodic_Oneshots__TWHS_HGE1_SYNTHSHOT_13_140BPM_Cm.wav,techno,oneshot,,1
/scratch/mk9649/repos/essentia_genre_test/data/audio/techno/oneshot/0159__Drum_Oneshots__TWHS_HGE1_REV_CRASH_08_145BPM.wav,techno,oneshot,,1
/scratch/mk9649/repos/essentia_genre_test/data/audio/techno/oneshot/0160__Drum_Oneshots__TWHS_HGE1_KICK_19.wav,techno,oneshot,,1
/scratch/mk9649/repos/essentia_genre_test/data/audio/techno/oneshot/0161__Melodic_Oneshots__TWHS_HGE1_SYNTHSHOT_06_145BPM_D#m.wav,techno,oneshot,,1
/scratch/mk9649/repos/essentia_genre_test/data/audio/techno/oneshot/0162__Drum_Oneshots__TWHS_HGE1_CRASH_06_145BPM.wav,techno,oneshot,,1
/scratch/mk9649/repos/essentia_genre_test/data/audio/techno/oneshot/0163__Drum_Oneshots__TWHS_HGE1_KICK_20.wav,techno,oneshot,,1
/scratch/mk9649/repos/essentia_genre_test/data/audio/techno/oneshot/0164__Drum_Oneshots__TWHS_HGE1_CLOSED_HAT_08.wav,techno,oneshot,,1
/scratch/mk9649/repos/essentia_genre_test/data/audio/techno/oneshot/0165__Melodic_Oneshots__TWHS_HGE1_CHANT_11_140BPM.wav,techno,oneshot,,1
/scratch/mk9649/repos/essentia_genre_test/data/audio/techno/oneshot/0166__Drum_Oneshots__TWHS_HGE1_REV_CRASH_17_145BPM.wav,techno,oneshot,,1
/scratch/mk9649/repos/essentia_genre_test/data/audio/techno/oneshot/0167__Melodic_Oneshots__TWHS_HGE1_CHANT_14_140BPM.wav,techno,oneshot,,1
/scratch/mk9649/repos/essentia_genre_test/data/audio/techno/oneshot/0168__Melodic_Oneshots__TWHS_HGE1_SYNTHSHOT_07_142BPM_Em.wav,techno,oneshot,,1
/scratch/mk9649/repos/essentia_genre_test/data/audio/techno/oneshot/0169__Melodic_Oneshots__TWHS_HGE1_CHANT_06_145BPM.wav,techno,oneshot,,1
/scratch/mk9649/repos/essentia_genre_test/data/audio/techno/oneshot/0170__Drum_Oneshots__TWHS_HGE1_CRASH_11_145BPM.wav,techno,oneshot,,1
/scratch/mk9649/repos/essentia_genre_test/data/audio/techno/oneshot/0171__Drum_Oneshots__TWHS_HGE1_CLOSED_HAT_20.wav,techno,oneshot,,1
/scratch/mk9649/repos/essentia_genre_test/data/audio/techno/oneshot/0172__Drum_Oneshots__TWHS_HGE1_OPEN_HAT_16.wav,techno,oneshot,,1
/scratch/mk9649/repos/essentia_genre_test/data/audio/techno/oneshot/0173__Drum_Oneshots__TWHS_HGE1_CRASH_02_144BPM.wav,techno,oneshot,,1
/scratch/mk9649/repos/essentia_genre_test/data/audio/techno/oneshot/0174__Drum_Oneshots__TWHS_HGE1_PERC_09.wav,techno,oneshot,,1
/scratch/mk9649/repos/essentia_genre_test/data/audio/techno/oneshot/0175__Drum_Oneshots__TWHS_HGE1_PERC_06.wav,techno,oneshot,,1
/scratch/mk9649/repos/essentia_genre_test/data/audio/techno/oneshot/0176__Melodic_Oneshots__TWHS_HGE1_SYNTHSHOT_14_140BPM.wav,techno,oneshot,,1
/scratch/mk9649/repos/essentia_genre_test/data/audio/techno/oneshot/0177__Melodic_Oneshots__TWHS_HGE1_CHANT_04_143BPM.wav,techno,oneshot,,1
/scratch/mk9649/repos/essentia_genre_test/data/audio/techno/oneshot/0178__Drum_Oneshots__TWHS_HGE1_OPEN_HAT_03.wav,techno,oneshot,,1
/scratch/mk9649/repos/essentia_genre_test/data/audio/techno/oneshot/0179__Drum_Oneshots__TWHS_HGE1_KICK_16.wav,techno,oneshot,,1
/scratch/mk9649/repos/essentia_genre_test/data/audio/techno/oneshot/0180__Drum_Oneshots__TWHS_HGE1_CLAP_05.wav,techno,oneshot,,1
/scratch/mk9649/repos/essentia_genre_test/data/audio/techno/oneshot/0181__Melodic_Oneshots__TWHS_HGE1_SYNTHSHOT_19_140BPM.wav,techno,oneshot,,1
/scratch/mk9649/repos/essentia_genre_test/data/audio/techno/oneshot/0182__Drum_Oneshots__TWHS_HGE1_OPEN_HAT_13.wav,techno,oneshot,,1
/scratch/mk9649/repos/essentia_genre_test/data/audio/techno/oneshot/0183__Drum_Oneshots__TWHS_HGE1_REV_CRASH_19_145BPM.wav,techno,oneshot,,1
/scratch/mk9649/repos/essentia_genre_test/data/audio/techno/oneshot/0184__Drum_Oneshots__TWHS_HGE1_REV_CRASH_02_144BPM.wav,techno,oneshot,,1
/scratch/mk9649/repos/essentia_genre_test/data/audio/techno/oneshot/0185__Drum_Oneshots__TWHS_HGE1_CLAP_15.wav,techno,oneshot,,1
/scratch/mk9649/repos/essentia_genre_test/data/audio/techno/oneshot/0186__Melodic_Oneshots__TWHS_HGE1_RAVESTAB_05_D#.wav,techno,oneshot,,1
/scratch/mk9649/repos/essentia_genre_test/data/audio/techno/oneshot/0187__Drum_Oneshots__TWHS_HGE1_PERC_16.wav,techno,oneshot,,1
/scratch/mk9649/repos/essentia_genre_test/data/audio/techno/oneshot/0188__Drum_Oneshots__TWHS_HGE1_CLOSED_HAT_01.wav,techno,oneshot,,1
/scratch/mk9649/repos/essentia_genre_test/data/audio/techno/oneshot/0189__Drum_Oneshots__TWHS_HGE1_CLOSED_HAT_02.wav,techno,oneshot,,1
/scratch/mk9649/repos/essentia_genre_test/data/audio/techno/oneshot/0190__Drum_Oneshots__TWHS_HGE1_KICK_15.wav,techno,oneshot,,1
/scratch/mk9649/repos/essentia_genre_test/data/audio/techno/oneshot/0191__Drum_Oneshots__TWHS_HGE1_CLAP_18.wav,techno,oneshot,,1
/scratch/mk9649/repos/essentia_genre_test/data/audio/techno/oneshot/0192__Drum_Oneshots__TWHS_HGE1_PERC_07.wav,techno,oneshot,,1
/scratch/mk9649/repos/essentia_genre_test/data/audio/techno/oneshot/0193__Drum_Oneshots__TWHS_HGE1_CLOSED_HAT_13.wav,techno,oneshot,,1
/scratch/mk9649/repos/essentia_genre_test/data/audio/techno/oneshot/0194__Melodic_Oneshots__TWHS_HGE1_CHANT_17_140BPM.wav,techno,oneshot,,1
/scratch/mk9649/repos/essentia_genre_test/data/audio/techno/oneshot/0195__Drum_Oneshots__TWHS_HGE1_KICK_12.wav,techno,oneshot,,1
/scratch/mk9649/repos/essentia_genre_test/data/audio/techno/oneshot/0196__Drum_Oneshots__TWHS_HGE1_PERC_11.wav,techno,oneshot,,1
/scratch/mk9649/repos/essentia_genre_test/data/audio/techno/oneshot/0197__Drum_Oneshots__TWHS_HGE1_CRASH_03_144BPM.wav,techno,oneshot,,1
/scratch/mk9649/repos/essentia_genre_test/data/audio/techno/oneshot/0198__Melodic_Oneshots__TWHS_HGE1_SYNTHSHOT_11_140BPM_G#m.wav,techno,oneshot,,1
/scratch/mk9649/repos/essentia_genre_test/data/audio/techno/oneshot/0199__Melodic_Oneshots__TWHS_HGE1_SYNTHSHOT_12_140BPM_Cm.wav,techno,oneshot,,1
/scratch/mk9649/repos/essentia_genre_test/data/audio/dnb/loop/0200__Top_Loops__KLR1_174_Shakerloop_01 [2024-10-31 171802]-1.wav,dnb,loop,,1
/scratch/mk9649/repos/essentia_genre_test/data/audio/dnb/loop/0201__Piano_Rhodes_Music_Loops__KLR1_E_174_Musicloop_28_(E-F-A).wav,dnb,loop,,1
/scratch/mk9649/repos/essentia_genre_test/data/audio/dnb/loop/0202__Pad_Loops__KLR1_C_174_Padloop_04_(D#-F#-B-C#).wav,dnb,loop,,1
/scratch/mk9649/repos/essentia_genre_test/data/audio/dnb/loop/0203__Bass_Loops__KLR1_G#_174_Bassloop_60_(G#-D#-A#-B-A#).wav,dnb,loop,,1
/scratch/mk9649/repos/essentia_genre_test/data/audio/dnb/loop/0204__Top_Loops__KLR1_174_Toploop_03.wav,dnb,loop,,1
/scratch/mk9649/repos/essentia_genre_test/data/audio/dnb/loop/0205__Piano_Rhodes_Music_Loops__KLR1_B_174_Musicloop_10_(B-F#-D#-E).wav,dnb,loop,,1
/scratch/mk9649/repos/essentia_genre_test/data/audio/dnb/loop/0206__Synth_Loops__KLR1_F#_174 _Musicloop_26_(F#-A).wav,dnb,loop,,1
/scratch/mk9649/repos/essentia_genre_test/data/audio/dnb/loop/0207__Synth_Loops__KLR1_E_174_Musicloop_16_(E-D).wav,dnb,loop,,1
/scratch/mk9649/repos/essentia_genre_test/data/audio/dnb/loop/0208__Synth_Loops__KLR1_C_174_Musicloop_05_(C-G).wav,dnb,loop,,1
/scratch/mk9649/repos/essentia_genre_test/data/audio/dnb/loop/0209__Bass_Loops__KLR1_F_174_Bassloop_47.wav,dnb,loop,,1
/scratch/mk9649/repos/essentia_genre_test/data/audio/dnb/loop/0210__Synth_Loops__KLR1_D_174_Musicloop_12_(D-A).wav,dnb,loop,,1
/scratch/mk9649/repos/essentia_genre_test/data/audio/dnb/loop/0211__Drum_Loops__KLR1_174_Drumloop_19.wav,dnb,loop,,1
/scratch/mk9649/repos/essentia_genre_test/data/audio/dnb/loop/0212__Drum_Loops__KLR1_174_Drumloop_42.wav,dnb,loop,,1
/scratch/mk9649/repos/essentia_genre_test/data/audio/dnb/loop/0213__Synth_Loops__KLR1_A_174_Musicloop_01_(A-D-C).wav,dnb,loop,,1
/scratch/mk9649/repos/essentia_genre_test/data/audio/dnb/loop/0214__Piano_Rhodes_Music_Loops__KLR1_F_174_Musicloop_37.wav,dnb,loop,,1
/scratch/mk9649/repos/essentia_genre_test/data/audio/dnb/loop/0215__Drum_Loops__KLR1_174_Drumloop_35.wav,dnb,loop,,1
/scratch/mk9649/repos/essentia_genre_test/data/audio/dnb/loop/0216__Pad_Loops__KLR1_D_174_Padloop_09_(D-F#-B).wav,dnb,loop,,1
/scratch/mk9649/repos/essentia_genre_test/data/audio/dnb/loop/0217__Piano_Rhodes_Music_Loops__KLR1_A_174_Musicloop_04_(A-A#-F-D).wav,dnb,loop,,1
/scratch/mk9649/repos/essentia_genre_test/data/audio/dnb/loop/0218__Pad_Loops__KLR1_E_174_Padloop_12_(C-C#-D-D#-E-B-C-B).wav,dnb,loop,,1
/scratch/mk9649/repos/essentia_genre_test/data/audio/dnb/loop/0219__Bass_Loops__KLR1_D_174_Bassloop_27.wav,dnb,loop,,1
/scratch/mk9649/repos/essentia_genre_test/data/audio/dnb/loop/0220__Drum_Loops__KLR1_174_Drumloop_03.wav,dnb,loop,,1
/scratch/mk9649/repos/essentia_genre_test/data/audio/dnb/loop/0221__Bass_Loops__KLR1_G_174_Bassloop_55_(G-F-D).wav,dnb,loop,,1
/scratch/mk9649/repos/essentia_genre_test/data/audio/dnb/loop/0222__Bass_Loops__KLR1_C#_174_Bassloop_20.wav,dnb,loop,,1
/scratch/mk9649/repos/essentia_genre_test/data/audio/dnb/loop/0223__Drum_Loops__KLR1_174_Drumloop_26.wav,dnb,loop,,1
/scratch/mk9649/repos/essentia_genre_test/data/audio/dnb/loop/0224__Bass_Loops__KLR1_A_174_Bassloop_06.wav,dnb,loop,,1
/scratch/mk9649/repos/essentia_genre_test/data/audio/dnb/loop/0225__Piano_Rhodes_Music_Loops__KLR1_D_174_Musicloop_21.wav,dnb,loop,,1
/scratch/mk9649/repos/essentia_genre_test/data/audio/dnb/loop/0226__Piano_Rhodes_Music_Loops__KLR1_C#_174_Musicloop_16.wav,dnb,loop,,1
/scratch/mk9649/repos/essentia_genre_test/data/audio/dnb/loop/0227__Bass_Loops__KLR1_G_174_Bassloop_56.wav,dnb,loop,,1
/scratch/mk9649/repos/essentia_genre_test/data/audio/dnb/loop/0228__Top_Loops__KLR1_174_Rideloop_09.wav,dnb,loop,,1
/scratch/mk9649/repos/essentia_genre_test/data/audio/dnb/loop/0229__Bass_Loops__KLR1_G_174_Bassloop_54_(G-F-D).wav,dnb,loop,,1
/scratch/mk9649/repos/essentia_genre_test/data/audio/dnb/loop/0230__Bass_Loops__KLR1_A_174_Bassloop_02_(A-D).wav,dnb,loop,,1
/scratch/mk9649/repos/essentia_genre_test/data/audio/dnb/loop/0231__Bass_Loops__KLR1_C_174_Bassloop_16.wav,dnb,loop,,1
/scratch/mk9649/repos/essentia_genre_test/data/audio/dnb/loop/0232__Synth_Loops__KLR1_D_174_Musicloop_11.wav,dnb,loop,,1
/scratch/mk9649/repos/essentia_genre_test/data/audio/dnb/loop/0233__Piano_Rhodes_Music_Loops__KLR1_F#_174_Musicloop_40.wav,dnb,loop,,1
/scratch/mk9649/repos/essentia_genre_test/data/audio/dnb/loop/0234__Bass_Loops__KLR1_C#_174_Bassloop_19_(C#-G#-A#-F#).wav,dnb,loop,,1
/scratch/mk9649/repos/essentia_genre_test/data/audio/dnb/loop/0235__Top_Loops__KLR1_174_Rideloop_07.wav,dnb,loop,,1
/scratch/mk9649/repos/essentia_genre_test/data/audio/dnb/loop/0236__Bass_Loops__KLR1_C#_174_Bassloop_21.wav,dnb,loop,,1
/scratch/mk9649/repos/essentia_genre_test/data/audio/dnb/loop/0237__Bass_Loops__KLR1_A_174_Bassloop_09.wav,dnb,loop,,1
/scratch/mk9649/repos/essentia_genre_test/data/audio/dnb/loop/0238__Drum_Loops__KLR1_174_Drumloop_24.wav,dnb,loop,,1
/scratch/mk9649/repos/essentia_genre_test/data/audio/dnb/loop/0239__Top_Loops__KLR1_174_Rideloop_03.wav,dnb,loop,,1
/scratch/mk9649/repos/essentia_genre_test/data/audio/dnb/loop/0240__Piano_Rhodes_Music_Loops__KLR1_A_174_Musicloop_03_(A-A#-F-D).wav,dnb,loop,,1
/scratch/mk9649/repos/essentia_genre_test/data/audio/dnb/loop/0241__Bass_Loops__KLR1_G_174_Bassloop_58_(G-C-A#).wav,dnb,loop,,1
/scratch/mk9649/repos/essentia_genre_test/data/audio/dnb/loop/0242__Drum_Loops__KLR1_174_Drumloop_11.wav,dnb,loop,,1
/scratch/mk9649/repos/essentia_genre_test/data/audio/dnb/loop/0243__Top_Loops__KLR1_174_Shakerloop_09.wav,dnb,loop,,1
/scratch/mk9649/repos/essentia_genre_test/data/audio/dnb/loop/0244__Pad_Loops__KLR1_G#_174_Padloop_25_(G#-F#-C#).wav,dnb,loop,,1
/scratch/mk9649/repos/essentia_genre_test/data/audio/dnb/loop/0245__Top_Loops__KLR1_174_Toploop_09.wav,dnb,loop,,1
/scratch/mk9649/repos/essentia_genre_test/data/audio/dnb/loop/0246__Top_Loops__KLR1_174_Toploop_07.wav,dnb,loop,,1
/scratch/mk9649/repos/essentia_genre_test/data/audio/dnb/loop/0247__Bass_Loops__KLR1_E_174_Bassloop_34.wav,dnb,loop,,1
/scratch/mk9649/repos/essentia_genre_test/data/audio/dnb/loop/0248__Synth_Loops__KLR1_E_174_Musicloop_15_(E-B-A).wav,dnb,loop,,1
/scratch/mk9649/repos/essentia_genre_test/data/audio/dnb/loop/0249__Piano_Rhodes_Music_Loops__KLR1_D#_174_Musicloop_23.wav,dnb,loop,,1
/scratch/mk9649/repos/essentia_genre_test/data/audio/dnb/oneshot/0250__One_Shots__KLR1_D_Rhodes_Hit_23.wav,dnb,oneshot,,1
/scratch/mk9649/repos/essentia_genre_test/data/audio/dnb/oneshot/0251__One_Shots__KLR1_Kick_32.wav,dnb,oneshot,,1
/scratch/mk9649/repos/essentia_genre_test/data/audio/dnb/oneshot/0252__One_Shots__KLR1_Hat_Closed_13.wav,dnb,oneshot,,1
/scratch/mk9649/repos/essentia_genre_test/data/audio/dnb/oneshot/0253__One_Shots__KLR1_Clap_09.wav,dnb,oneshot,,1
/scratch/mk9649/repos/essentia_genre_test/data/audio/dnb/oneshot/0254__One_Shots__KLR1_F_Synth_Hit_30.wav,dnb,oneshot,,1
/scratch/mk9649/repos/essentia_genre_test/data/audio/dnb/oneshot/0255__One_Shots__KLR1_Snare_04.wav,dnb,oneshot,,1
/scratch/mk9649/repos/essentia_genre_test/data/audio/dnb/oneshot/0256__One_Shots__KLR1_Kick_15.wav,dnb,oneshot,,1
/scratch/mk9649/repos/essentia_genre_test/data/audio/dnb/oneshot/0257__One_Shots__KLR1_G_Basshit_49.wav,dnb,oneshot,,1
/scratch/mk9649/repos/essentia_genre_test/data/audio/dnb/oneshot/0258__One_Shots__KLR1_E_Basshit_25.wav,dnb,oneshot,,1
/scratch/mk9649/repos/essentia_genre_test/data/audio/dnb/oneshot/0259__One_Shots__KLR1_C_Synth_Hit_23.wav,dnb,oneshot,,1
/scratch/mk9649/repos/essentia_genre_test/data/audio/dnb/oneshot/0260__One_Shots__KLR1_G#_Piano_Hit_50.wav,dnb,oneshot,,1
/scratch/mk9649/repos/essentia_genre_test/data/audio/dnb/oneshot/0261__One_Shots__KLR1_Kick_21.wav,dnb,oneshot,,1
/scratch/mk9649/repos/essentia_genre_test/data/audio/dnb/oneshot/0262__One_Shots__KLR1_Kick_01.wav,dnb,oneshot,,1
/scratch/mk9649/repos/essentia_genre_test/data/audio/dnb/oneshot/0263__One_Shots__KLR1_Kick_19.wav,dnb,oneshot,,1
/scratch/mk9649/repos/essentia_genre_test/data/audio/dnb/oneshot/0264__One_Shots__KLR1_Kick_16.wav,dnb,oneshot,,1
/scratch/mk9649/repos/essentia_genre_test/data/audio/dnb/oneshot/0265__One_Shots__KLR1_Kick_30.wav,dnb,oneshot,,1
/scratch/mk9649/repos/essentia_genre_test/data/audio/dnb/oneshot/0266__One_Shots__KLR1_Snare_19.wav,dnb,oneshot,,1
/scratch/mk9649/repos/essentia_genre_test/data/audio/dnb/oneshot/0267__One_Shots__KLR1_Perc_15.wav,dnb,oneshot,,1
/scratch/mk9649/repos/essentia_genre_test/data/audio/dnb/oneshot/0268__One_Shots__KLR1_C_Basshit_14.wav,dnb,oneshot,,1
/scratch/mk9649/repos/essentia_genre_test/data/audio/dnb/oneshot/0269__One_Shots__KLR1_Perc_01.wav,dnb,oneshot,,1
/scratch/mk9649/repos/essentia_genre_test/data/audio/dnb/oneshot/0270__One_Shots__KLR1_F_Rhodes_Hit_44.wav,dnb,oneshot,,1
/scratch/mk9649/repos/essentia_genre_test/data/audio/dnb/oneshot/0271__One_Shots__KLR1_F_Piano_Hit_42.wav,dnb,oneshot,,1
/scratch/mk9649/repos/essentia_genre_test/data/audio/dnb/oneshot/0272__One_Shots__KLR1_E_Basshit_26.wav,dnb,oneshot,,1
/scratch/mk9649/repos/essentia_genre_test/data/audio/dnb/oneshot/0273__One_Shots__KLR1_C_Basshit_16.wav,dnb,oneshot,,1
/scratch/mk9649/repos/essentia_genre_test/data/audio/dnb/oneshot/0274__One_Shots__KLR1_Kick_14.wav,dnb,oneshot,,1
/scratch/mk9649/repos/essentia_genre_test/data/audio/dnb/oneshot/0275__One_Shots__KLR1_C_Synth_Hit_14.wav,dnb,oneshot,,1
/scratch/mk9649/repos/essentia_genre_test/data/audio/dnb/oneshot/0276__One_Shots__KLR1_Hat_Open_07.wav,dnb,oneshot,,1
/scratch/mk9649/repos/essentia_genre_test/data/audio/dnb/oneshot/0277__One_Shots__KLR1_Snare_02.wav,dnb,oneshot,,1
/scratch/mk9649/repos/essentia_genre_test/data/audio/dnb/oneshot/0278__One_Shots__KLR1_Snare_18.wav,dnb,oneshot,,1
/scratch/mk9649/repos/essentia_genre_test/data/audio/dnb/oneshot/0279__One_Shots__KLR1_E_Basshit_28.wav,dnb,oneshot,,1
/scratch/mk9649/repos/essentia_genre_test/data/audio/dnb/oneshot/0280__One_Shots__KLR1_Hat_Closed_14.wav,dnb,oneshot,,1
/scratch/mk9649/repos/essentia_genre_test/data/audio/dnb/oneshot/0281__One_Shots__KLR1_G_Basshit_50.wav,dnb,oneshot,,1
/scratch/mk9649/repos/essentia_genre_test/data/audio/dnb/oneshot/0282__One_Shots__KLR1_D_Synth_Hit_24.wav,dnb,oneshot,,1
/scratch/mk9649/repos/essentia_genre_test/data/audio/dnb/oneshot/0283__One_Shots__KLR1_C_Piano_Hit_13.wav,dnb,oneshot,,1
/scratch/mk9649/repos/essentia_genre_test/data/audio/dnb/oneshot/0284__One_Shots__KLR1_Kick_25.wav,dnb,oneshot,,1
/scratch/mk9649/repos/essentia_genre_test/data/audio/dnb/oneshot/0285__One_Shots__KLR1_F#_Basshit_44.wav,dnb,oneshot,,1
/scratch/mk9649/repos/essentia_genre_test/data/audio/dnb/oneshot/0286__One_Shots__KLR1_C_Synth_Hit_18.wav,dnb,oneshot,,1
/scratch/mk9649/repos/essentia_genre_test/data/audio/dnb/oneshot/0287__One_Shots__KLR1_G_Basshit_47.wav,dnb,oneshot,,1
/scratch/mk9649/repos/essentia_genre_test/data/audio/dnb/oneshot/0288__One_Shots__KLR1_Hat_Closed_22.wav,dnb,oneshot,,1
/scratch/mk9649/repos/essentia_genre_test/data/audio/dnb/oneshot/0289__One_Shots__KLR1_Kick_29.wav,dnb,oneshot,,1
/scratch/mk9649/repos/essentia_genre_test/data/audio/dnb/oneshot/0290__One_Shots__KLR1_C_Synth_Hit_01.wav,dnb,oneshot,,1
/scratch/mk9649/repos/essentia_genre_test/data/audio/dnb/oneshot/0291__One_Shots__KLR1_D_Basshit_20.wav,dnb,oneshot,,1
/scratch/mk9649/repos/essentia_genre_test/data/audio/dnb/oneshot/0292__One_Shots__KLR1_Kick_24.wav,dnb,oneshot,,1
/scratch/mk9649/repos/essentia_genre_test/data/audio/dnb/oneshot/0293__One_Shots__KLR1_D_Synth_Hit_26.wav,dnb,oneshot,,1
/scratch/mk9649/repos/essentia_genre_test/data/audio/dnb/oneshot/0294__One_Shots__KLR1_C_Piano_Hit_16.wav,dnb,oneshot,,1
/scratch/mk9649/repos/essentia_genre_test/data/audio/dnb/oneshot/0295__One_Shots__KLR1_C_Synth_Hit_09.wav,dnb,oneshot,,1
/scratch/mk9649/repos/essentia_genre_test/data/audio/dnb/oneshot/0296__One_Shots__KLR1_C_Basshit_13.wav,dnb,oneshot,,1
/scratch/mk9649/repos/essentia_genre_test/data/audio/dnb/oneshot/0297__One_Shots__KLR1_F_Piano_Hit_43.wav,dnb,oneshot,,1
/scratch/mk9649/repos/essentia_genre_test/data/audio/dnb/oneshot/0298__One_Shots__KLR1_C_Piano_Hit_14.wav,dnb,oneshot,,1
/scratch/mk9649/repos/essentia_genre_test/data/audio/dnb/oneshot/0299__One_Shots__KLR1_C_Basshit_04.wav,dnb,oneshot,,1
/scratch/mk9649/repos/essentia_genre_test/data/audio/garage_dubstep/loop/0300__GS_ODS_Drum_Loops__GS_ODS_140_Drums_05_Full_V1.wav,garage_dubstep,loop,,1
/scratch/mk9649/repos/essentia_genre_test/data/audio/garage_dubstep/loop/0301__GS_ODS_Melodic_Combi_Loops__GS_ODS_140_G#_Melodic_Combi_Synth_Bass.wav,garage_dubstep,loop,,1
/scratch/mk9649/repos/essentia_genre_test/data/audio/garage_dubstep/loop/0302__GS_ODS_Hat_Loops__GS_ODS_140_Hat_06_V1.wav,garage_dubstep,loop,,1
/scratch/mk9649/repos/essentia_genre_test/data/audio/garage_dubstep/loop/0303__GS_ODS_Synth_Loops__GS_ODS_140_G#_Synth_Pad_V1.wav,garage_dubstep,loop,,1
/scratch/mk9649/repos/essentia_genre_test/data/audio/garage_dubstep/loop/0304__GS_ODS_Top_Loops__GS_ODS_140_Top_01_V1.wav,garage_dubstep,loop,,1
/scratch/mk9649/repos/essentia_genre_test/data/audio/garage_dubstep/loop/0305__GS_ODS_Top_Loops__GS_ODS_138_Top.wav,garage_dubstep,loop,,1
/scratch/mk9649/repos/essentia_genre_test/data/audio/garage_dubstep/loop/0306__GS_ODS_Melodic_Combi_Loops__GS_ODS_140_Em_Melodic_Combi_Synth_Bass_V1.wav,garage_dubstep,loop,,1
/scratch/mk9649/repos/essentia_genre_test/data/audio/garage_dubstep/loop/0307__GS_ODS_Synth_Loops__GS_ODS_140_Fm_Synth_Pad_02.wav,garage_dubstep,loop,,1
/scratch/mk9649/repos/essentia_genre_test/data/audio/garage_dubstep/loop/0308__GS_ODS_Drum_Loops__GS_ODS_137_Drums_Full_V1.wav,garage_dubstep,loop,,1
/scratch/mk9649/repos/essentia_genre_test/data/audio/garage_dubstep/loop/0309__GS_ODS_Top_Loops__GS_ODS_141_Top.wav,garage_dubstep,loop,,1
/scratch/mk9649/repos/essentia_genre_test/data/audio/garage_dubstep/loop/0310__GS_ODS_Synth_Loops__GS_ODS_140_Fm_Synth_Arp.wav,garage_dubstep,loop,,1
/scratch/mk9649/repos/essentia_genre_test/data/audio/garage_dubstep/loop/0311__GS_ODS_Bass_Loops__GS_ODS_137_G#m_SynthBass.wav,garage_dubstep,loop,,1
/scratch/mk9649/repos/essentia_genre_test/data/audio/garage_dubstep/loop/0312__GS_ODS_Melodic_Combi_Loops__GS_ODS_138_Dm_Melodic_Combi_Synth_Bass_V2.wav,garage_dubstep,loop,,1
/scratch/mk9649/repos/essentia_genre_test/data/audio/garage_dubstep/loop/0313__GS_ODS_Hat_Loops__GS_ODS_140_Hat_01_V1.wav,garage_dubstep,loop,,1
/scratch/mk9649/repos/essentia_genre_test/data/audio/garage_dubstep/loop/0314__GS_ODS_Synth_Loops__GS_ODS_145_G#m_Synth_Arp_V1.wav,garage_dubstep,loop,,1
/scratch/mk9649/repos/essentia_genre_test/data/audio/garage_dubstep/loop/0315__GS_ODS_Synth_Loops__GS_ODS_140_Fm_Synth_Pad_01_V1.wav,garage_dubstep,loop,,1
/scratch/mk9649/repos/essentia_genre_test/data/audio/garage_dubstep/loop/0316__GS_ODS_Top_Loops__GS_ODS_137_Top_V2.wav,garage_dubstep,loop,,1
/scratch/mk9649/repos/essentia_genre_test/data/audio/garage_dubstep/loop/0317__GS_ODS_Melodic_Combi_Loops__GS_ODS_140_Fm_Melodic_Combi_Synth_Bass_02_V1.wav,garage_dubstep,loop,,1
/scratch/mk9649/repos/essentia_genre_test/data/audio/garage_dubstep/loop/0318__GS_ODS_Hat_Loops__GS_ODS_140_Hat_02_V2.wav,garage_dubstep,loop,,1
/scratch/mk9649/repos/essentia_genre_test/data/audio/garage_dubstep/loop/0319__GS_ODS_Top_Loops__GS_ODS_140_Top_05_V1.wav,garage_dubstep,loop,,1
/scratch/mk9649/repos/essentia_genre_test/data/audio/garage_dubstep/loop/0320__GS_ODS_Synth_Loops__GS_ODS_138_Dm_Synth_Piano_V2.wav,garage_dubstep,loop,,1
/scratch/mk9649/repos/essentia_genre_test/data/audio/garage_dubstep/loop/0321__GS_ODS_Synth_Loops__GS_ODS_140_E_Synth_Pad_V1.wav,garage_dubstep,loop,,1
/scratch/mk9649/repos/essentia_genre_test/data/audio/garage_dubstep/loop/0322__GS_ODS_Top_Loops__GS_ODS_137_Top_V1.wav,garage_dubstep,loop,,1
/scratch/mk9649/repos/essentia_genre_test/data/audio/garage_dubstep/loop/0323__GS_ODS_Mixed_Percussion_Loops__GS_ODS_141_Mixed_Perc.wav,garage_dubstep,loop,,1
/scratch/mk9649/repos/essentia_genre_test/data/audio/garage_dubstep/loop/0324__GS_ODS_Synth_Loops__GS_ODS_137_G#m_Synth_Strings.wav,garage_dubstep,loop,,1
/scratch/mk9649/repos/essentia_genre_test/data/audio/garage_dubstep/loop/0325__GS_ODS_Synth_Loops__GS_ODS_140_C#m_Synth_Lead_V1.wav,garage_dubstep,loop,,1
/scratch/mk9649/repos/essentia_genre_test/data/audio/garage_dubstep/loop/0326__GS_ODS_Melodic_Combi_Loops__GS_ODS_140_Gm_Melodic_Combi_Synth_Bass_V3.wav,garage_dubstep,loop,,1
/scratch/mk9649/repos/essentia_genre_test/data/audio/garage_dubstep/loop/0327__GS_ODS_Drum_Loops__GS_ODS_140_Drums_01_Full_V2.wav,garage_dubstep,loop,,1
/scratch/mk9649/repos/essentia_genre_test/data/audio/garage_dubstep/loop/0328__GS_ODS_Drum_Loops__GS_ODS_140_Drums_05_Full_V2.wav,garage_dubstep,loop,,1
/scratch/mk9649/repos/essentia_genre_test/data/audio/garage_dubstep/loop/0329__GS_ODS_Hat_Loops__GS_ODS_140_Hat_03_V1.wav,garage_dubstep,loop,,1
/scratch/mk9649/repos/essentia_genre_test/data/audio/garage_dubstep/loop/0330__GS_ODS_Drum_Loops__GS_ODS_141_Drums_Full.wav,garage_dubstep,loop,,1
/scratch/mk9649/repos/essentia_genre_test/data/audio/garage_dubstep/loop/0331__GS_ODS_Bass_Loops__GS_ODS_140_Em_SynthBass_V2.wav,garage_dubstep,loop,,1
/scratch/mk9649/repos/essentia_genre_test/data/audio/garage_dubstep/loop/0332__GS_ODS_Stripped_Drum_Loops__GS_ODS_138_Drums_Stripped.wav,garage_dubstep,loop,,1
/scratch/mk9649/repos/essentia_genre_test/data/audio/garage_dubstep/loop/0333__GS_ODS_Synth_Loops__GS_ODS_140_Em_Synth_Pad_V1.wav,garage_dubstep,loop,,1
/scratch/mk9649/repos/essentia_genre_test/data/audio/garage_dubstep/loop/0334__GS_ODS_Mixed_Percussion_Loops__GS_ODS_140_Mixed_01_Perc.wav,garage_dubstep,loop,,1
/scratch/mk9649/repos/essentia_genre_test/data/audio/garage_dubstep/loop/0335__GS_ODS_Synth_Loops__GS_ODS_140_G#m_Synth_Pad.wav,garage_dubstep,loop,,1
/scratch/mk9649/repos/essentia_genre_test/data/audio/garage_dubstep/loop/0336__GS_ODS_Synth_Loops__GS_ODS_140_Em_Synth_Pad_V2.wav,garage_dubstep,loop,,1
/scratch/mk9649/repos/essentia_genre_test/data/audio/garage_dubstep/loop/0337__GS_ODS_Hat_Loops__GS_ODS_140_Hat_05_V1.wav,garage_dubstep,loop,,1
/scratch/mk9649/repos/essentia_genre_test/data/audio/garage_dubstep/loop/0338__GS_ODS_Top_Loops__GS_ODS_140_Top_04.wav,garage_dubstep,loop,,1
/scratch/mk9649/repos/essentia_genre_test/data/audio/garage_dubstep/loop/0339__GS_ODS_Bass_Loops__GS_ODS_140_Em_SynthBass_V1.wav,garage_dubstep,loop,,1
/scratch/mk9649/repos/essentia_genre_test/data/audio/garage_dubstep/loop/0340__GS_ODS_Synth_Loops__GS_ODS_140_G#_Synth_Pad_V2.wav,garage_dubstep,loop,,1
/scratch/mk9649/repos/essentia_genre_test/data/audio/garage_dubstep/loop/0341__GS_ODS_Melodic_Combi_Loops__GS_ODS_140_Gm_Melodic_Combi_Synth_Bass_V2.wav,garage_dubstep,loop,,1
/scratch/mk9649/repos/essentia_genre_test/data/audio/garage_dubstep/loop/0342__GS_ODS_Melodic_Combi_Loops__GS_ODS_141_C#m_Melodic_Combi_Synth_Bass_V3.wav,garage_dubstep,loop,,1
/scratch/mk9649/repos/essentia_genre_test/data/audio/garage_dubstep/loop/0343__GS_ODS_Melodic_Combi_Loops__GS_ODS_145_G#m_Melodic_Combi_Synth_Bass_V3.wav,garage_dubstep,loop,,1
/scratch/mk9649/repos/essentia_genre_test/data/audio/garage_dubstep/loop/0344__GS_ODS_Drum_Loops__GS_ODS_140_Drums_03_Full_V1.wav,garage_dubstep,loop,,1
/scratch/mk9649/repos/essentia_genre_test/data/audio/garage_dubstep/loop/0345__GS_ODS_Synth_Loops__GS_ODS_140_Fm_Synth_Lead.wav,garage_dubstep,loop,,1
/scratch/mk9649/repos/essentia_genre_test/data/audio/garage_dubstep/loop/0346__GS_ODS_Melodic_Combi_Loops__GS_ODS_145_G#m_Melodic_Combi_Synth_Bass_V1.wav,garage_dubstep,loop,,1
/scratch/mk9649/repos/essentia_genre_test/data/audio/garage_dubstep/loop/0347__GS_ODS_Bass_Loops__GS_ODS_140_G#_SynthBass_V2.wav,garage_dubstep,loop,,1
/scratch/mk9649/repos/essentia_genre_test/data/audio/garage_dubstep/loop/0348__GS_ODS_Top_Loops__GS_ODS_145_Top_V2.wav,garage_dubstep,loop,,1
/scratch/mk9649/repos/essentia_genre_test/data/audio/garage_dubstep/loop/0349__GS_ODS_Bass_Loops__GS_ODS_140_Fm_SynthBass_02.wav,garage_dubstep,loop,,1
/scratch/mk9649/repos/essentia_genre_test/data/audio/garage_dubstep/oneshot/0350__GS_ODS_Synth_One_Shots__GS_ODS_Synth_Pluck_G_03.wav,garage_dubstep,oneshot,,1
/scratch/mk9649/repos/essentia_genre_test/data/audio/garage_dubstep/oneshot/0351__GS_ODS_Closed_Hat_One_Shots__GS_ODS_Closed_Hat_01.wav,garage_dubstep,oneshot,,1
/scratch/mk9649/repos/essentia_genre_test/data/audio/garage_dubstep/oneshot/0352__GS_ODS_Kick_One_Shots__GS_ODS_Kick_12.wav,garage_dubstep,oneshot,,1
/scratch/mk9649/repos/essentia_genre_test/data/audio/garage_dubstep/oneshot/0353__GS_ODS_Snare_One_Shots__GS_CNFD_Snare_05.wav,garage_dubstep,oneshot,,1
/scratch/mk9649/repos/essentia_genre_test/data/audio/garage_dubstep/oneshot/0354__GS_ODS_Closed_Hat_One_Shots__GS_ODS_Closed_Hat_14.wav,garage_dubstep,oneshot,,1
/scratch/mk9649/repos/essentia_genre_test/data/audio/garage_dubstep/oneshot/0355__GS_ODS_Synth_One_Shots__GS_ODS_Synth_Piano_C_02.wav,garage_dubstep,oneshot,,1
/scratch/mk9649/repos/essentia_genre_test/data/audio/garage_dubstep/oneshot/0356__GS_ODS_Kick_One_Shots__GS_ODS_Kick_15.wav,garage_dubstep,oneshot,,1
/scratch/mk9649/repos/essentia_genre_test/data/audio/garage_dubstep/oneshot/0357__GS_ODS_Bass_One_Shots__GS_ODS_SynthBass_F_02.wav,garage_dubstep,oneshot,,1
/scratch/mk9649/repos/essentia_genre_test/data/audio/garage_dubstep/oneshot/0358__GS_ODS_Closed_Hat_One_Shots__GS_ODS_Closed_Hat_04.wav,garage_dubstep,oneshot,,1
/scratch/mk9649/repos/essentia_genre_test/data/audio/garage_dubstep/oneshot/0359__GS_ODS_Snare_One_Shots__GS_CNFD_Snare_09.wav,garage_dubstep,oneshot,,1
/scratch/mk9649/repos/essentia_genre_test/data/audio/garage_dubstep/oneshot/0360__GS_ODS_Synth_One_Shots__GS_ODS_Synth_Pad_Em.wav,garage_dubstep,oneshot,,1
/scratch/mk9649/repos/essentia_genre_test/data/audio/garage_dubstep/oneshot/0361__GS_ODS_Percussion_One_Shots__GS_ODS_Perc_02.wav,garage_dubstep,oneshot,,1
/scratch/mk9649/repos/essentia_genre_test/data/audio/garage_dubstep/oneshot/0362__GS_ODS_Kick_One_Shots__GS_ODS_Kick_18.wav,garage_dubstep,oneshot,,1
/scratch/mk9649/repos/essentia_genre_test/data/audio/garage_dubstep/oneshot/0363__GS_ODS_Kick_One_Shots__GS_ODS_Kick_04.wav,garage_dubstep,oneshot,,1
/scratch/mk9649/repos/essentia_genre_test/data/audio/garage_dubstep/oneshot/0364__GS_ODS_Synth_One_Shots__GS_ODS_Synth_Piano_A#_01.wav,garage_dubstep,oneshot,,1
/scratch/mk9649/repos/essentia_genre_test/data/audio/garage_dubstep/oneshot/0365__GS_ODS_Kick_One_Shots__GS_ODS_Kick_13.wav,garage_dubstep,oneshot,,1
/scratch/mk9649/repos/essentia_genre_test/data/audio/garage_dubstep/oneshot/0366__GS_ODS_Kick_One_Shots__GS_ODS_Kick_19.wav,garage_dubstep,oneshot,,1
/scratch/mk9649/repos/essentia_genre_test/data/audio/garage_dubstep/oneshot/0367__GS_ODS_Snare_One_Shots__GS_CNFD_Snare_03.wav,garage_dubstep,oneshot,,1
/scratch/mk9649/repos/essentia_genre_test/data/audio/garage_dubstep/oneshot/0368__GS_ODS_Closed_Hat_One_Shots__GS_ODS_Closed_Hat_17.wav,garage_dubstep,oneshot,,1
/scratch/mk9649/repos/essentia_genre_test/data/audio/garage_dubstep/oneshot/0369__GS_ODS_Open_Hat_One_Shots__GS_ODS_OpenHat_08.wav,garage_dubstep,oneshot,,1
/scratch/mk9649/repos/essentia_genre_test/data/audio/garage_dubstep/oneshot/0370__GS_ODS_Synth_One_Shots__GS_ODS_Synth_Arp_F#m.wav,garage_dubstep,oneshot,,1
/scratch/mk9649/repos/essentia_genre_test/data/audio/garage_dubstep/oneshot/0371__GS_ODS_Synth_One_Shots__GS_ODS_Synth_Pad_G#_02.wav,garage_dubstep,oneshot,,1
/scratch/mk9649/repos/essentia_genre_test/data/audio/garage_dubstep/oneshot/0372__GS_ODS_Closed_Hat_One_Shots__GS_ODS_Closed_Hat_02.wav,garage_dubstep,oneshot,,1
/scratch/mk9649/repos/essentia_genre_test/data/audio/garage_dubstep/oneshot/0373__GS_ODS_Bass_One_Shots__GS_ODS_SynthBass_A#_03.wav,garage_dubstep,oneshot,,1
/scratch/mk9649/repos/essentia_genre_test/data/audio/garage_dubstep/oneshot/0374__GS_ODS_Synth_One_Shots__GS_ODS_Synth_Piano_A#_02.wav,garage_dubstep,oneshot,,1
/scratch/mk9649/repos/essentia_genre_test/data/audio/garage_dubstep/oneshot/0375__GS_ODS_Closed_Hat_One_Shots__GS_ODS_Closed_Hat_09.wav,garage_dubstep,oneshot,,1
/scratch/mk9649/repos/essentia_genre_test/data/audio/garage_dubstep/oneshot/0376__GS_ODS_Synth_One_Shots__GS_ODS_Synth_Pad_C.wav,garage_dubstep,oneshot,,1
/scratch/mk9649/repos/essentia_genre_test/data/audio/garage_dubstep/oneshot/0377__GS_ODS_Kick_One_Shots__GS_ODS_Kick_20.wav,garage_dubstep,oneshot,,1
/scratch/mk9649/repos/essentia_genre_test/data/audio/garage_dubstep/oneshot/0378__GS_ODS_Closed_Hat_One_Shots__GS_ODS_Closed_Hat_11.wav,garage_dubstep,oneshot,,1
/scratch/mk9649/repos/essentia_genre_test/data/audio/garage_dubstep/oneshot/0379__GS_ODS_Kick_One_Shots__GS_ODS_Kick_16.wav,garage_dubstep,oneshot,,1
/scratch/mk9649/repos/essentia_genre_test/data/audio/garage_dubstep/oneshot/0380__GS_ODS_Synth_One_Shots__GS_ODS_Synth_Pad_F_02.wav,garage_dubstep,oneshot,,1
/scratch/mk9649/repos/essentia_genre_test/data/audio/garage_dubstep/oneshot/0381__GS_ODS_Bass_One_Shots__GS_ODS_SynthBass_G.wav,garage_dubstep,oneshot,,1
/scratch/mk9649/repos/essentia_genre_test/data/audio/garage_dubstep/oneshot/0382__GS_ODS_Synth_One_Shots__GS_ODS_Synth_Arp_G#.wav,garage_dubstep,oneshot,,1
/scratch/mk9649/repos/essentia_genre_test/data/audio/garage_dubstep/oneshot/0383__GS_ODS_FX_One_Shots__GS_ODS_FX_Atmo_08.wav,garage_dubstep,oneshot,,1
/scratch/mk9649/repos/essentia_genre_test/data/audio/garage_dubstep/oneshot/0384__GS_ODS_Snare_One_Shots__GS_CNFD_Snare_14.wav,garage_dubstep,oneshot,,1
/scratch/mk9649/repos/essentia_genre_test/data/audio/garage_dubstep/oneshot/0385__GS_ODS_Bass_One_Shots__GS_ODS_SynthBass_E_02.wav,garage_dubstep,oneshot,,1
/scratch/mk9649/repos/essentia_genre_test/data/audio/garage_dubstep/oneshot/0386__GS_ODS_Synth_One_Shots__GS_ODS_Synth_Key_D_01.wav,garage_dubstep,oneshot,,1
/scratch/mk9649/repos/essentia_genre_test/data/audio/garage_dubstep/oneshot/0387__GS_ODS_Closed_Hat_One_Shots__GS_ODS_Closed_Hat_15.wav,garage_dubstep,oneshot,,1
/scratch/mk9649/repos/essentia_genre_test/data/audio/garage_dubstep/oneshot/0388__GS_ODS_FX_One_Shots__GS_ODS_FX_Riser_01.wav,garage_dubstep,oneshot,,1
/scratch/mk9649/repos/essentia_genre_test/data/audio/garage_dubstep/oneshot/0389__GS_ODS_Closed_Hat_One_Shots__GS_ODS_Closed_Hat_20.wav,garage_dubstep,oneshot,,1
/scratch/mk9649/repos/essentia_genre_test/data/audio/garage_dubstep/oneshot/0390__GS_ODS_Synth_One_Shots__GS_ODS_Synth_Piano_Dm_02.wav,garage_dubstep,oneshot,,1
/scratch/mk9649/repos/essentia_genre_test/data/audio/garage_dubstep/oneshot/0391__GS_ODS_Kick_One_Shots__GS_ODS_Kick_08.wav,garage_dubstep,oneshot,,1
/scratch/mk9649/repos/essentia_genre_test/data/audio/garage_dubstep/oneshot/0392__GS_ODS_Snare_One_Shots__GS_CNFD_Snare_08.wav,garage_dubstep,oneshot,,1
/scratch/mk9649/repos/essentia_genre_test/data/audio/garage_dubstep/oneshot/0393__GS_ODS_Open_Hat_One_Shots__GS_ODS_OpenHat_01.wav,garage_dubstep,oneshot,,1
/scratch/mk9649/repos/essentia_genre_test/data/audio/garage_dubstep/oneshot/0394__GS_ODS_Percussion_One_Shots__GS_ODS_Perc_Foley_01.wav,garage_dubstep,oneshot,,1
/scratch/mk9649/repos/essentia_genre_test/data/audio/garage_dubstep/oneshot/0395__GS_ODS_FX_One_Shots__GS_ODS_FX_Atmo_02.wav,garage_dubstep,oneshot,,1
/scratch/mk9649/repos/essentia_genre_test/data/audio/garage_dubstep/oneshot/0396__GS_ODS_Open_Hat_One_Shots__GS_ODS_OpenHat_10.wav,garage_dubstep,oneshot,,1
/scratch/mk9649/repos/essentia_genre_test/data/audio/garage_dubstep/oneshot/0397__GS_ODS_Synth_One_Shots__GS_ODS_Synth_Pluck_G#m.wav,garage_dubstep,oneshot,,1
/scratch/mk9649/repos/essentia_genre_test/data/audio/garage_dubstep/oneshot/0398__GS_ODS_Percussion_One_Shots__GS_ODS_Perc_05.wav,garage_dubstep,oneshot,,1
/scratch/mk9649/repos/essentia_genre_test/data/audio/garage_dubstep/oneshot/0399__GS_ODS_Synth_One_Shots__GS_ODS_Synth_Pad_Fm_02.wav,garage_dubstep,oneshot,,1
